,CH$_{4}$,Temperature,Pressure,Humidity,Dewpoint
0,0.4191279157482377,0.0640894350674581,0.0813703652831207,0.3732849551174145,0.0621273287837687
1,0.3678318530985469,0.126247948257383,0.2157655674457432,0.1694599090169386,0.1206947221813881
2,0.3878947383863516,0.0915051400819773,0.1500388166431239,0.2485663576502036,0.1219949472383435
3,0.6502972067899869,0.0790176275215859,0.0474171554370907,0.1444815763213668,0.0787864339299695
4,0.9407638978884492,0.0105458750322928,0.0209817585930773,0.0147509661170349,0.0129575023691455
5,0.3411716862299185,0.07451526059312735,0.17401805995515626,0.1304144944486346,0.27988049877316346
