,RMSE,R²
methane_INIR2ME5,32.859942147184,0.997870571037184
methane_SJH5,177.60188562158402,0.9377950833377178
methaneEQBusVoltage_TGS2611C00,358.80618611738134,0.7461077690233746
