,RMSE,R²
methaneEQBusVoltage_TGS2611C00,453.3730048691568,0.5946400081323071
methane_INIR2ME5,453.5523911812097,0.5943191667103094
methane_SJH5,490.20000183496524,0.5261114834725182
