,RMSE,R²
INIR2ME5,801.7861660090648,-0.26778814116972405
SJH5,804.0152912840883,-0.27484734775565967
methaneEQBusVoltage_TGS2611C00,805.7478933089556,-0.2803476983969213
